code,name,rssc_code,province_code,city_code,district_code,phone,fax,email,address,service_tel,hot_line
11011,安徽合成汽车销售服务有限公司,40001,01,123,,0551-4846888,0551-5171800,shihaisheng@vip.163.com;skodaahhc@hotmail.com,安徽省合肥市包河区安徽南方汽车广场,551-4846866,
11051,安徽致嘉汽车销售服务有限公司,40001,01,123,,0551-5303909,0551-5303911,ahzj_skd@sina.com,合肥长江西路安徽名车广场内,0551-5303918,
11121,滁州亚昊汽车销售服务有限公司,40001,01,132,,0550-3122233,,,安徽省滁州市来安县永阳路亚夏汽车城,0550-3537286,
11071,芜湖易和福临汽车销售服务有限公司,40001,01,126,,0553-3016699,,,安徽省芜湖市镜湖区峨山路近滨江大道口,0553-3016000,
11021-03,安庆柏盛汽车销售服务有限公司,40001,01,137,,,,,安徽省池州市贵池区长江南路,,
11021,安庆柏盛汽车销售服务有限公司,40001,01,130,,0556-5208888/5299666,0556-5836900,aqbaishengskoda@163.com,安庆国际汽车城(新车管所对面),0556-5397666,
11031,阜阳九天盈众汽车销售服务有限公司,40001,01,133,,0558-2567777,,,安徽省阜阳市颍州区105国道,0558-2569988,
11091,宿州市骏达汽车销售有限公司,40001,01,134,,0557-28033333,0557-3661888,szjdqc@126.com,安徽省宿州市桥区经济示范园仁和北路,0557-3259066,
11101,宣城亚昊汽车销售服务有限公司,40001,01,136,,0563-2616893,,,安徽省宣城市宣州区水阳江大道,0563-2616869,
11011-03,安徽合成汽车销售服务有限公司,40001,01,131,,0559-2345988,,,安徽省黄山市屯溪区齐云山大道37号黄山豪泰大厦1幢109室,0559-2345988,
11061,亳州春雨慧达汽车销售服务有限公司,40001,01,418,,0558-5135555,0558-5628907,cyjtzdp@163.com,经济开发区亳州市春雨光彩国际汽车城内,0558-5871777,
13031,福州世腾汽车销售服务有限公司,50001,05,198,,0591-87746666,0591-87274206,skoda_13031@vip.163.com,福州市鼓楼区铜盘路388号,0591-87745555,
13101,福州世盛汽车销售服务有限公司,50001,05,198,,0591-22996669,,,福建省福州市闽侯县福建省海峡汽车城,0591-22771100,
13021,厦门盈海汽车有限公司,50001,05,199,,0592-5655888,0592-5733988,xia.zeng@enjoyauto.com;xmskoda@163.com;skoda_13021,福建省厦门市湖里区高崎机场红绿灯集美大桥方向20米（金尚路与枋钟路交叉口）,0592-6039999,
13021-02,厦门盈海汽车有限公司(厦门盈海同安展厅),50001,05,199,,0592-7157755,,,同安区同集北路999号,,
13061,三明盈海汽车有限公司,50001,05,200,,0598-8288989,0598-8368369,chenwm88@163.com;fei.zheng@enjoyauto.com;skoda_130,三明梅列区德安工业小区（高速三明北出口处三明大桥旁）,0598-8298555,
13061-01,三明盈海汽车有限公司(三明盈海永安市展厅),50001,05,200,,,,,永安市燕江南路2059号,,
13091,莆田市荣丰汽车服务有限公司,50001,05,201,,0594-2898288,0594-6727999,skoda_13091@vip.163.com,福建省莆田市荔城区西天尾镇龙山村,0594-6739898,
13091-01,莆田市荣丰汽车服务有限公司,50001,05,201,,,,,福建省莆田市仙游县城南东路九隆小区8号楼,,
13011,福建省泉州市世纪汽车销售服务有限公司,50001,05,202,,0595-22479088,0595-22489617,skodaqz@vip.163.com;skoda_13011@vip.163.com,福建省泉州市鲤城区南环路江南工业区,0595-22477577,
13011-01,福建省泉州市世纪汽车销售服务有限公司(泉州世纪安溪县展厅),50001,05,202,,0595-23287777,,,安溪县城关二环路,,
13071-01,泉州盈海汽车有限公司(泉州盈海德化展厅),50001,05,202,,0595-27200999,,,瓷都大道大洋电信分局楼下,,
13011-02,福建省泉州市世纪汽车销售服务有限公司,50001,05,202,,,,,福建省泉州市惠安县惠崇公路,,
13051,漳州盈海汽车有限公司,50001,05,203,,0596-2962777,05962162875,chenwm88@163.com;0596skoda@163.com,漳州市龙文区迎宾路石仓九龙门斜对面,0596-2988088,
13051-02,漳州盈海汽车有限公司(漳州盈海漳浦展厅),50001,05,203,,0596-3866669,,,漳州市漳浦县黄仓工业园区龙湖大道,,
13121,福建省元辰汽车有限公司,50001,05,204,,0599-3715959,,,福建省南平市建瓯市建瓯中国笋竹城C区10号地块,0599-3829831,
13041,龙岩盈海汽车有限公司,50001,05,205,,0597-2505999,05972536611,skoda_13041@vip.163.com;74313041_ly@163.com,福建省龙岩市新罗区东兴路211号,0597-2500099,
13041-01,龙岩盈海汽车有限公司(龙岩盈海漳平展厅),50001,05,205,,0597-7850169,,,漳平市东环路,,
13041-02,龙岩盈海汽车有限公司(龙岩盈海上杭展厅),50001,05,205,,0597-3888188,,,龙岩市上杭县临城镇309省道,,
13041-03,龙岩盈海汽车有限公司(龙岩盈海长汀展厅),50001,05,205,,0597-5219888,,,龙岩市长汀县西客站（腾飞二路19号）,,
13041-04,龙岩盈海汽车有限公司(龙岩盈海连城展厅),50001,05,205,,0597-8922091,,,龙岩市连城县文亨镇连文路,,
13081,宁德亿众汽车有限公司,50001,05,206,,0593-5069999,0593-5066787,skoda_13081@vip.163.com,福建省宁德市蕉城区万安东路9号,0593-5066777,
25021,兰州阜康金瑞汽车销售服务有限公司,30001,07,369,,0931-8350999,,skoda_25021@vip.163.com,甘肃省兰州市皋兰县忠和镇忠和村,0931-8390988,
25011-08,兰州金达康汽车销售服务有限公司(兰州金达康金昌展厅),30001,07,370,,,,,金昌市泰安路久久香食品生态园区,,
25031,酒泉合锐汽车销售服务有限公司,30001,07,380,,0937-2889888,,,甘肃省酒泉市肃州区国道312线2954公里处,0937-2889666,
25031-01,酒泉合锐汽车销售服务有限公司,30001,07,379,,,,,甘肃省张掖市甘州区东盘旋路农机大楼1楼,,
15011,广东广物骏达汽车贸易有限公司,50001,08,276,,020-81609188,020-86329253,skoda_15011@vip.163.com,广州市荔湾区龙溪大道488号(花卉市场往五丫口大桥方向300米),020-81609188-811,
15141,广州广物骏锐汽车销售服务有限公司,50001,08,276,,020-39999996,020-39999937,skoda-15141@vip.163.com,广东省广州市番禺区市桥东环路,020-39999939,
15011-01,广东广物骏达汽车贸易有限公司(广州广物机场路销售服务店),50001,08,276,,020-86329111,,,广州市机场路888号广东汽车市场内,,
15071,深圳市新奇建投资发展有限公司,50001,08,277,,0755-83052022/0755-83052033,0755-82112955,qjcar@china.com;qijianskoda@vip.163.com;skoda_1507,深圳市福田区红荔西路联合华鹏汽车交易市场B2-1号,0755-83052122,
15191,深圳市北方鹏盛汽车销售有限公司,50001,08,277,,0755-22276588,0755-22912578,linxj1994@163.com;jiangchengzh007@126.com;69504222,深圳市罗湖区清水河三路与一路交汇处深业车城A02,0755-22276788,
15191-01,深圳市北方鹏盛汽车销售有限公司,50001,08,277,,0755-27490808,,,广东省深圳市宝安区黄田路段107国道世纪车城,,
15051,珠海市华发锐达汽车有限公司,50001,08,278,,0756-8580855/8580856,0756-8580001,zhuhaihuafa@126.com;hf-skoda@163.com;skoda_15051@v,珠海市香洲区梅溪路8号（梅溪牌坊左侧300米处）,0756-8580858,
15031,汕头市恒康达汽车贸易有限公司,50001,08,279,,0754-88824288,0754-8823298,Hengkangda@vip.163.com;skoda_15031@vip.163.com;553,汕头市长平路与泰山路交界处,0754-88823228,
15111,韶关市联达汽车销售服务有限公司,50001,08,280,,0751-8182833,0751-8295849,skoda_15111@163.com;xl_admin@126.com;skoda_15111@v,韶关市韶南大道南郊七公里（北京现代旁）,0751-8287228,
15091,惠州市恒通达汽车贸易有限公司,50001,08,283,,0752-2558848,0752-2558803,WDGD001@126.com;553720589@qq.com;LWS6997@163.com;s,惠州市演达一路汽车大市场内22号,0752-2558805,
15101,东莞市金泰汽车销售服务有限公司,50001,08,285,,0769-21687700/0769-21687711,0769-21687667,skoda_15101@vip.163.com;Ljp3168@126.com,广东省东莞市南城区莞太路白马路段骏马山庄旁,0769-21686085,
15181,江门市振鸿经贸发展有限公司,50001,08,287,,0750-3087328,0750-3087326,zhjwjyb@126.com;lujinwu@126.com,江门市蓬江区建设三路113号,0750-3087025,
15081,佛山市华臻汽车销售服务有限公司,50001,08,288,,0757-83960888,,raymondleejx@yahoo.com.cn;skoda_15081@vip.163.com,佛山市禅城区佛山大道中38号佛山车城E区14-20号,0757-83960211,
15211,佛山市广物骏博汽车销售服务有限公司,50001,08,288,,0757-85626999,,skoda_15211@vip.163.com,广东省佛山市南海区里水镇村委会瓜园,0757-85625999,
15211-01,佛山市广物骏博汽车销售服务有限公司(广物骏博华南汽车城展厅),50001,08,288,,"0757-86083871,0757-85689500",,,南海区桂城海八路华南汽车城G11,,
15231,湛江瀚龙汽车销售服务有限公司,50001,08,290,,0759-3203366,,,广东省湛江市赤坎区椹川大道北50号,0759-3205101,
15131,肇庆广物众美汽车有限公司,50001,08,292,,0758-2185777,0758-2185511,yjfdxxid@126.com;skoda_15131@vip.163.com,肇庆市端州区东岗西路(肇庆学院对面),0758-2185522,
15151,清远市广物众达汽车销售服务有限公司,50001,08,294,,0763-3786666,0763-3786660,skoda_15151@vip.163.com;wjy1401@163.com,清远新城东22号区,0763-3786668,
15031-03,汕头市恒康达汽车贸易有限公司(汕头恒康达揭阳展厅),50001,08,296,,,,,揭阳市定卢前路,,
16011,广西上源汽车销售服务有限公司,50001,09,297,,0771-3100011,0771-3100510,gxskoda@163.com;skoda_16011@vip.163.com;74316011gx,南宁市秀厢大道199号金源国际汽车城内,0771－3100099,
16041,广西建汇众达汽车销售服务有限公司,50001,09,297,,0771-3869393,,skoda_16041@vip.163.com,广西壮族自治区南宁市高新区秀厢大道北环路25号,0771-3869393,
16021,柳州上源汽车销售服务有限公司,50001,09,298,,0772-8803233,0772-8803993,yyxx2046@163.com;zxh8868@163.com;Lzskoda@163.com;7,广西柳州汽车贸易园内,0772-8803116,
16031,桂林上源汽车销售服务有限公司,50001,09,299,,0773-2635280,0773-2637957,skoda_16031@vip.163.com;cindy_dt@qq.com,八里街汽车市场16号,,
16051-02,玉林市驰利汽车销售服务有限公司(玉林驰利梧州展厅),50001,09,300,,0774-3822111,,,梧州市三龙大道91号,,
16041-01,广西建汇众达汽车销售服务有限公司(广西建汇北海展厅),50001,09,301,,0779-2229123,,,北海大道3号,,
16011-04,广西上源汽车销售服务有限公司(广西上源钦州展厅),50001,09,303,,0777-5891119,,,钦州北部湾北大道55号（原沙井大道）中润蓝天丽都,,
16051-01,玉林市驰利汽车销售服务有限公司(玉林驰利贵港展厅),50001,09,304,,0775-4580188,,,贵港市金港大道中段（福特直营店）,,
16051,玉林市驰利汽车销售服务有限公司,50001,09,305,,0775-2697700,0775-2308601,skoda_16051@vip.163.com,广西壮族自治区玉林市玉州区二环东路东侧,0775-2308600,
16011-03,广西上源汽车销售服务有限公司(广西上源百色展厅),50001,09,309,,,,,那华大道18号聚宝苑,,
22011,贵州乾通华盛汽车销售服务有限公司,30001,12,311,,0851-3816555,0851-3819555,74322011-gz@163.com;Gzzyczh@126.com;gzqiantong_sko,贵州省贵阳市花溪区孟关乡孟关汽车商贸城,0851-3716777,
22031,遵义市永盛达汽车销售服务有限公司,30001,12,313,,,0851-28449990,gzzysl@126.com;yu_xiang217@126.com;79565987@qq.com,遵南大道北段（中庄客运站南白方向前500米）,0851-28449990,
22031-01,遵义市永盛达汽车销售服务有限公司(遵义永盛达长沙路展厅),30001,12,313,,0851-28449990,,,遵义市长沙路汽车城路段,0851-28449990,
02031,河北众志达汽车贸易有限公司,10001,15,24,,0311-85668668,0311-85663230,zzd803@163.com,石家庄市北二环东路86号（建华大街与北二环交叉口东行200米路南国际汽车贸易园区内）,0311-85662760,
02031-01,河北众志达汽车贸易有限公司(河北众志达石家庄展厅),10001,15,24,,,,,石家庄裕华东路86号,,
02111,河北国和众昊达汽车贸易有限公司,10001,15,24,,0311-87788300,0311-87788300,hbghzhd111@163.com;zhdyaowei111@163.com,石家庄市北二环西路268号,0311-87768100,
02051,邯郸市同源汽车销售服务有限公司,10001,15,25,,0310-5511818,0310-5515650,sjzgmk@sina.com;hbskoda@163.com;skodakl@163.com;zh,邯郸市中华北大街与果园路交叉口西北角,0310-5512777,
02201,邯郸市华众汽车销售服务有限公司,10001,15,25,,,,,河北省邯郸市邯山区南环路与西环路交叉口东行200米路南,,
02191-01,廊坊市燕达汽车贸易有限公司,10001,15,33,,,,,河北省廊坊市广阳区东安路与金光道交口处,,
02041,邢台盛德汽车服务有限公司,10001,15,26,,0319-3236666,0319-3322166,Skoda-shengde@163.com;linyongye-shengde@163.com,河北省邢台市邢台县迎宾路中段,0319-3235555,
02171,邢台杭龙汽车销售服务有限公司,10001,15,26,,0319-5558881,,,河北省邢台市桥东区郭守敬大道,0319-5558989,
02021,保定轩宇舜龙汽车销售服务有限公司,10001,15,27,,0312-3326288/3326289,0312－3326282,bdskoda@yeah.net;skoda-02021@vip.163.com,保定市朝阳北大街1299号(高开区电谷大厦对面),0312-3326280,
02021-01,保定轩宇舜龙汽车销售服务有限公司(保定轩宇定州展厅),10001,15,27,,0312-2584880,,,保定市定州定曲路,,
02131,保定市金昌瑞正汽车销售服务有限公司,10001,15,27,,0312-5882222,,ywwch@126.com,河北省保定市北市区复兴东路,0312-5943999,
02091,张家口市鑫荣汽车销售有限公司,10001,15,28,,0313-4561886,0313-5982722,geelyzjk@163.com;zhanchang85@tom.com;skodazjk@163.,张家口张宣公路西侧火石窖路口,0313-4013111,
02221-01,承德兴骐汽车销售服务有限公司,10001,15,29,,,,,河北省承德市双桥区新世家底商第51-103号,,
02061,唐山庞大众辉汽车销售服务有限公司,10001,15,30,,0315-2965905/0315-2965505,0315-2966518,pd-skoda@163.com,唐山市路南区南刘屯南外环路南侧,0315-5937359,
02151,唐山荣川众达汽车销售服务有限公司,10001,15,30,,0315-5284330,0315-5284330,szh800813@126.com,河北省唐山市丰润区机场路荣川汽车园内,0315-5513988,
02151-01,唐山荣川众达汽车销售服务有限公司,10001,15,30,,,,,河北省唐山市迁安市兆康街,,
02081,秦皇岛嘉隆商贸有限公司,10001,15,31,,0335-8053111,0335-3643799,skoda_02081@163.com;skoda-02081@163.com,秦皇岛西环北路60号,0335-3649333,
02071,沧州畅顺机电设备有限公司,10001,15,32,,0317-3088488,0317-3085756,czcsjd2008@163.com;74302071_cz@163.com;B06-02@163.,沧州长芦大道27号,0317-3080388,
02181,沧州运恒汽车销售服务有限公司,10001,15,32,,0317-2179333,,,河北省沧州市新华区104国道,0317-2179366,
02071-03,沧州畅顺机电设备有限公司,10001,15,32,,,,,河北省沧州市任丘市106国道西环路北头,0317-2883666,
02101,衡水丰和汽车销售有限公司,10001,15,34,,0318-2638000,0318-2638611,HSSKODA@yahoo.cn;Wanglin_9903@163.com;lujinlu88@12,衡水市桃城区北外环东路,0318-2639916,
07041,哈尔滨美通中亚汽车销售有限责任公司,10001,17,76,,0451-51909919,,meitong@vip.163.com;leihrb@126.com;xiaoying0455@ya,哈尔滨南岗区长江路217号,0451-51909918,
07031,齐齐哈尔市中大汽车销售服务有限公司,10001,17,77,,0452-2381155/0452-2382255,0452-2346670,SKODA07031@HOTMAIL.COM;skoda-07031@vip.163.com,龙沙区齐富公路6号,0452-2384455,
07021,大庆业勤荣信汽车销售服务有限公司,10001,17,81,,,0459-5917990,yansheng_wang@vip.163.com;dqyqskoda@163.com;Hongwe,大庆市经济技术开发区让林路与让杜路交叉口,0459-5050880,
07051,佳木斯中恒汽车销售服务有限公司,10001,17,84,,0454-8852678,,,黑龙江省佳木斯市郊区友谊路沿江乡政府对面,0454-8852567,
19021,河南裕华上捷汽车销售服务有限公司,40001,18,257,,0371-60107788,0371-60117188,liuyl0216@sina.com;yhsjskoda@163.com,郑州市郑花北路河南省汽车贸易中心院内,0371-60117198,
19141,郑州聚丰汽车销售服务有限公司,40001,18,257,,0371-55551333,0371-55158369,skoda_19141@vip.163.com,河南省郑州市金水区商都路与贾陈街交叉口向北50米路东,0371-55559797,
19141-01,郑州聚丰汽车销售服务有限公司,40001,18,257,,0371-69193333,,,河南省郑州市管城回族区商都路与通泰路交叉口东南角,,
19101,河南昊达汽车贸易有限公司,40001,18,257,,0371-65503333,0371-68590388,haodskoda@163.com;svwskdyy@126.com;liujuan25@yahoo,西环路化工路交叉口向北1000米,0371-60332902,
19021-02,河南裕华上捷汽车销售服务有限公司(郑州裕华北环路展厅),40001,18,257,,0371-63559995,,,郑州市北环路中原汽车交易中心北区2号厅,,
19151,开封中原金锐商贸有限公司,40001,18,258,,0378-2732888,0378-2267518,autoyyw@126.com,河南省开封市金明区金明大道与北环交叉大转盘东北角,0378-2732999,
19011,洛阳市德众众达汽车销售服务有限公司,40001,18,259,,0379-68601111/0379-63175588,0379-68601102,ryl0217@163.com;lyskoda@vip.163.com,洛阳市西工区纱厂西路86号（王城大道与纱厂路交岔口东北角）,0379-68601000,
19131,洛阳众源汽车有限公司,40001,18,259,,0379-65172666,0379-60697882,shawei168@sina.com;lyzhongyuanskoda@163.com;zhangh,洛阳市e河区启明南路新华夏汽车广场,0379-60680333,
19231-01,驻马店市亿顺汽车销售服务有限公司,40001,18,274,,0396-2183999,,,河南省驻马店市驿城区开元大道近乐山路,,
19051,平顶山市华锐汽车销售服务有限公司,40001,18,260,,0375-3878777,0375-3987777,skodapds@sina.com;Shangkenny@hotmail.com,建设路东段高新技术产业开发区(北京现代东侧),0375-3873777,
19071,焦作市泉达鑫源汽车销售服务有限公司,40001,18,261,,0391－8868555,0391－3681688,quanda0391@vip.sina.com;xinyuan0391@vip.sina.com,河南省焦作市解放区神州路2666号,0391-8868108,
19201,鹤壁市鹤天汽车销售服务有限公司,40001,18,262,,0392-2212222,0392-2207022,dhen21@163.com,河南省鹤壁市淇滨区107国道东(荣基汽车城),0392-2213333,
19091,安阳市福尔福上达汽车销售服务有限公司,40001,18,264,,0372-3322333,0372-3322208,skoda0372@163.com;381391015@qq.com,安阳龙安区铁西路南段路东,0372-3322666,
19161,濮阳市德众汽车销售服务有限公司,40001,18,265,,0393-5382111,,,河南省濮阳市华龙区106国道（一汽大众和东风本田之间）,0393-5332226,
19081,许昌怡众汽车销售服务有限公司,40001,18,267,,0374-80201777,0374-5136696,xc19200@163.com;xcskoda@126.com;xczy9999@126.com,河南省许昌市魏都区汽车公园（前进路东段与许州路交叉口）,0374-8020123,
19041,南阳市恒康盛程汽车销售服务有限公司,40001,18,270,,0377-61701888/0377-61709999,,SVW1924@VIP.163.COM;nyhengkang@vip.163.com,河南省南阳市宛城区长江中路779号,0377-63100110,
19111,商丘市丰华汽车销售服务有限公司,40001,18,271,,0370-2226158,0370-2226158,SKODA_sqfh@163.com,民主路金桥路交叉口北,0370-2335158,
19171,周口锐达汽车销售服务有限公司,40001,18,273,,0394-8361777,0394-8388877,zkskoda07@163.com,河南省周口市川汇区迎宾大道（周商路）与太昊路（南环路）交叉口东500米路南,0394-8308881,
17061,武汉三环瀚通汽车销售服务有限公司,40001,19,240,,027-81811333,027-81329711,shct_yjk@163.com;wangfei_vip@foxmail.com,武汉市东湖开发区大学园路10号,027-81819333,
17141,武汉华丰优诚汽车销售服务有限公司,40001,19,240,,027-83360666,,,湖北省武汉市东西湖区长丰大道,027-83366766,
17031-02,武汉捷科众志汽车贸易有限公司(武汉捷科众志南湖展厅),40001,19,240,,027-87808566,,,武汉市南湖大道武汉城市职业学院旁,,
17031-04,武汉捷科众志汽车贸易有限公司(武汉捷科商贸城展厅),40001,19,240,,027-82618566,,,武汉市中环商贸城,,
17081,黄石德众昊达汽车销售服务有限公司,40001,19,241,,0714-6502119,0714-6502110,skoda17081@263.net,湖北省黄石市黄石港区大泉路,0714-6502100,
17051,襄阳瑞志达汽车销售有限公司,40001,19,242,,0710-3394111,0710-3386219,gp_skoda@126.com;,湖北省襄阳市樊城区钻石大道115号荣华工业园,0710-3381719,
17131,十堰龙基伟业汽车服务有限公司,40001,19,243,,0719-8123777,0719-8311488,syljskd@163.com,湖北省十堰市张湾区浙江路万通工业园,0719-8122111,
17041,荆州市恒信通达汽车销售服务有限公司,40001,19,244,,0716-8490996,0716-4309901,jingzhoutongda@163.com,荆州市荆沙大道马河渔场,0716-8490998,
17021,宜昌捷顺汽车销售服务有限公司,40001,19,245,,0717-6300868,0717-6300399,74317021-yc@163.com;skoda17021@188.com,宜昌开发区发展大道100号（宜昌市三峡游客中心前行300米）,0717-6300110,
17021-01,宜昌捷顺汽车销售服务有限公司(宜昌捷顺枝江展厅),40001,19,245,,0717-4515797,,,宜昌市枝江江汉大道中段,,
17101,荆门源达荆威汽车销售服务有限公司,40001,19,246,,0724-2223555,0724-2239345,fhjw999@sina.com;qinqin-cwq@qq.com,湖北省荆门市掇刀区月亮湖路,0724-2219988,
18011,湖南永通华锐汽车销售服务有限公司,50001,21,224,,0731-88158000,0731-2887969,wuhao6622666@163.com;skoda_18011@vip.163.com,湖南省长沙市万家丽路与湘府路交汇东南处,0731-82883966,
30021,三亚丰正华众达汽车销售服务有限公司,50001,57,321,,0898-38288555,,,海南省三亚市田独镇吉阳大道,0898-38255000,
18021,湖南申湘汽车众旺销售有限公司,50001,21,224,,0731-84877588,0731-4877577,skoda_18021@vip.163.com,湖南长沙星沙开发区申湘汽车商务广场（长永高速收费站对面）,0731-84877577,
18091,株洲远征汽车销售有限公司,50001,21,225,,0731-28535888,0731-28535876,yzautocar@126.com,湖南省株洲市石峰区石峰大桥与铜霞路交汇处,0731-28535999,
18071,湘潭腾飞汽车销售服务有限公司,50001,21,226,,0731-58288866,,58077543@qq.com;632053838@qq.com;1465798737@qq.com,湖南省湘潭市岳塘区九华大道,0731-58218866,
18051,衡阳市高瑞汽车销售服务有限公司,50001,21,227,,0734-8875888,,skoda_18051@vip.163.com,湖南省衡阳市雁峰区金山杨柳收费站旁,0734-8875666,
18041,岳阳华宇汽车销售服务有限公司,50001,21,229,,0730-8310011,0730-8266666,skoda_18041@vip.163.com,岳阳巴陵东路琵琶王立交桥市交委对面,0730-8620022,
18041-01,岳阳华宇汽车销售服务有限公司,50001,21,229,,,,,湘阴县长湘路兴湘机动车大市场29栋,,
18101,常德新华润汽车销售服务有限公司,50001,21,230,,0736-7703888,0736-7703636,changdeskd@hotmail.com;skoda_18101@vip.163.com,湖南省常德市武陵区常德大道中段柳叶湖汽车站对面,0736-7703999,
18101-01,常德新华润汽车销售服务有限公司,50001,21,230,,,,,常德澧县澧洲大道,,
18101-02,常德新华润汽车销售服务有限公司,50001,21,230,,,,,湖南省常德市石门县宝峰开发区天工山村居委会,,
18011-02,湖南永通华锐汽车销售服务有限公司(长沙永通张家界市展厅),50001,21,231,,0744-8362988,,,张家界市永定区迎宾路林苑小区,,
18031,郴州申众汽车销售有限公司,50001,21,232,,0735-2355546,0735-2184482,cyn1804@163.com;skoda_cz@163.com;dengzx82@163.com;,湖南省郴州市北湖区七里大道97号,0735-2355646,
18121,永州市天达汽车经营有限公司,50001,21,234,,0746-6660001,,skoda_18121@vip.163.com,湖南省永州市零陵区潇湘汽车城,0746-6660002,
18111,怀化市远舰鸿达汽车销售服务有限公司,50001,21,235,,0745-2333888,0745-2336003,skoda_18111@vip.163.com,湖南省怀化市鹤城区汽车产业综合服务中心4S店区B12号（南环线，锦西南路交叉口）),0745-2333999,
18061,娄底市涟钢世通达柯诚汽车销售服务有限公司,50001,21,236,,0738-8760000,0738-891666,lgouyangdy@163.com;skoda_18061@vip.163.com,娄底经济开发区新坪街10号,0738-8916668,
18011-03,湖南永通华锐汽车销售服务有限公司(长沙永通湘西展厅),50001,21,237,,,,,湘西土家族苗族自治州吉首市武陵东路108号,,
09151,江苏苏舜明达汽车销售服务有限公司,20001,22,110,,025-85436998,025-84356993,skoda_09151@vip.163.com;74309151-nj@163.com;Zc1315,红山路56号,025-85436990,
09241,南京坤龙汽车销售服务有限公司,20001,22,110,,025-52601111,025-58323824,skoda_09071@vip.163.com;njklhr@163.com,南京市江宁区东山街道润麒路19号,025-58323822,
09291,江苏冠松汽车服务有限公司,20001,22,110,,025-51887888,025-51886201,lgb@guansong.com;skdhr@guansong.com,江苏省南京市浦口区浦珠北路36号,025-51886228,
09071,南京宝铁龙轩达汽车销售服务有限公司,20001,22,110,,025-52631116/025-52639818,025-52630907,zlxm@vip.sina.com;njbzg@hotmail.com;njskoda@sina.c,南京市大明路209号（距宁溧路300m）,025-52639845/52639665,
09101,徐州润达汽车销售服务有限公司,20001,22,111,,0516-83311666,0516-83208881,skoda_09101@vip.163.com,徐州铜山经济技术开发区北京路293号,0516-83311999,
09271,徐州沪彭雅迪汽车销售服务有限公司,20001,22,111,,0516-66887777,0516-80107177,xzhpskd@163.com,徐州市鼓楼区轻工路奔腾大道6号,0516-80101199,
09101-01,徐州润达汽车销售服务有限公司(徐州润达邳州展厅),20001,22,111,,0516-86628881,,,邳州邳苍路(中泰汽配城内),,
09101-02,徐州润达汽车销售服务有限公司(徐州润达新沂展厅),20001,22,111,,0516-88988888,,,新沂市新宿路188号,,
09271-01,徐州沪彭雅迪汽车销售服务有限公司(徐州沪彭睢宁展厅),20001,22,111,,0516-88471111,,,睢宁县南环路徐宁路交叉口,,
09191,连云港市翔盛方通汽车销售有限公司,20001,22,112,,0518-85917115,0518-85917118,skoda_09191@vip.163.com;qphanyu@163.com,江苏省连云港市新浦区解放东路318号振兴汽车城院内,0518-83367000,
09191-01,连云港市翔盛方通汽车销售有限公司(连云港祥达德兰路展厅),20001,22,112,,,,,连云区德兰路1号-德兰汽配城,,
09181,宿迁上众腾辉汽车销售服务有限公司,20001,22,114,,0527-84365800,0527-4385599,sqskoda@163.com;S62227@163.com,宿迁徐淮路红海路交叉口,0527-84568999,
09141,盐城华驰车业有限公司,20001,22,115,,0515-88235388,0515-88235168,skoda_09141@vip.163.com;gzw68068@163.com,盐城市开放大道676号,0515-68880328,
09141-01,盐城华驰车业有限公司(盐城华驰世纪大道展厅),20001,22,115,,0515-88235388,,,盐城市世纪大道99号,,
09131,扬州润达汽车销售有限公司,20001,22,116,,0514-87756600,0514-7622800,skoda_09131@vip.163.com,江苏省扬州市维扬区荷叶东路108号,0514-87759900,
09261,扬州科达汽车销售有限公司,20001,22,116,,0514-86570088,0514-86518061,svwzhaitianxiang@sina.com,长江东路与黄海南路交叉处,0514-86570099,
09131-03,扬州润达汽车销售有限公司(扬州润达仪征展厅),20001,22,116,,,,,江苏省扬州市仪征市大庆北路198号,,
09201,泰州众达汽车销售服务有限公司,20001,22,117,,0523-80800888,0523-86867799,zhengyinglin0058@sina.com;Skoda_09201@vip.163.com;,泰州市永定东路188号（汽车南站向东2公里）,0523-80800999,
09091,南通长江众达汽车销售服务有限公司,20001,22,118,,0513-81019999,0513-85609993,ntcj9320049@jsmail.com.cn;skoda_09091@vip.163.com,江苏省南通市崇川区经济开发区星湖大道1071号,0513-81019981,
09171,海门金天柯达汽车销售服务有限公司,20001,22,118,,0513-82336622,0513-82263113,jtqyjt@163.com;skoda_09171@vip.163.com,海门市人民西路1720号,0513-82336610,
09351,如皋市顺洋汽车销售服务有限公司,20001,22,118,,0513-88535666,,skoda_09351@vip.163.com,江苏省南通市如皋市204国道惠民路1号,0513-88535666,
09421,启东市启粮东瑞汽车销售服务有限公司,20001,22,118,,0513-68695888,0513-68695066,skoda_09421@vip.163.com,江苏省南通市启东市城北工业园区庆余村永年路6号,0513-68695021,
09171-03,海门金天柯达汽车销售服务有限公司(海门金天如东县展厅),20001,22,118,,0513-84188222,,,如东县掘港镇通洋南路芳泉村村部 国清寺向北400米,,
09081,镇江瑞驰汽车贸易有限公司,20001,22,119,,0511-85987111,0511-5987017,yh8098@yahoo.com.cn;Yh8098@yahoo.com.cn;skoda_0908,江苏省镇江市京口区丁卯桥路369号,0511-85987026,
09281,丹阳恒隆达众汽车销售服务有限公司,20001,22,119,,0511-88011222,0511-88019199,wangjinhua@vip.163.com;skoda_09281@vip.163.com,丹阳开发区黄金塘东路6号,0511-88018199,
09281-01,丹阳恒隆达众汽车销售服务有限公司(丹阳恒隆扬中展厅),20001,22,119,,0511-88499500,,,扬中区环城东路普济段,,
09061,常州外汽永和汽车销售服务有限公司,20001,22,120,,0519-86667755,0519-6522190,skoda_09061@vip.163.com;74309061-cz@163.com,武进区湖塘武进汽车城延政东路、永胜路,0519-86665599,
09341,常州外汽永立汽车销售服务有限公司,20001,22,120,,0519-80950888,0519-80988101,skoda_09341@vip.163.com,江苏省常州市溧阳市汽车市场内239省道旁,0519-80988119,
09211,常州外汽永升汽车销售服务有限公司,20001,22,120,,0519-85108282,0519-85178119,xy51509688@126.com;skoda_09211@vip.163.com,九江路6号,0519-85178110,
09211-01,常州外汽永升汽车销售服务有限公司(常州永升金坛展厅),20001,22,120,,0519-82690606,,,金坛市良常路99号,0519-82696199,
09041,无锡市恒业汽车销售服务有限公司,20001,22,121,,0510-85410222,0510-85409444,wxskoda@163.com;skoda_09041@vip.163.com,无锡市南长区新联村诸家桥58号（金城路与苏锡路交叉口，一点点酒店对面）,0510-85402555,
09051,江阴市吉达汽车有限公司,20001,22,121,,0510-80626677,0510-80623330,addsss_7@163.com;jyjd.skoda@163.com;skoda_09051@vi,澄杨路17号（江阴广吉汽车经销有限公司旁）,0510-80626699,
09321,无锡邦达汽车销售服务有限公司,20001,22,121,,0510-88230777,,skoda_09321@vip.163.com,江苏省无锡市锡山区金城东路292-3号,0510-88233222,
09301,宜兴市上通汽车销售服务有限公司,20001,22,121,,0510-80781111,0510-80781698,skoda_09301@vip.163.com,宜兴市经济开发区赛特大道,0510-80781697,
09251,无锡能达汽车销售服务有限公司,20001,22,121,,0510-83251666,,skoda_09251@vip.163.com,盛岸西路610号(靠近锡宜高速出口处),0510-83251999,
09031,常熟市跞达汽车销售服务有限公司,20001,22,122,,0512-52302266,0512-52302626,csldqc@126.com;skoda_09031@vip.163.com,长安路（汽车市场内）,0512-52303366,
09161,吴江德锐汽车销售服务有限公司,20001,22,122,,0512-63092222,0512-63455237,wjsqskoda@163.com;skoda_09161@vip.163.com,吴江经济开发区庞北路与吉士路交叉口,0512-63988218,
09021,昆山享达汽车销售服务有限公司,20001,22,122,,0512-57922333,0512-57379889,svw0923@public1.sz.js.cn;skoda_ks@163.com;skoda_09,"昆山市松花江路168号,昆嘉璐、松花江路口",0512-57153999,
09221,太仓明达汽车贸易服务有限公司,20001,22,122,,0512-53567288,0512-53562922,tc_huadong@sina.com;Tc_skoda@sina.com;skoda_09221@,江苏省苏州市太仓市北京路南，人民路东,0512-53569198,
09111,张家港祥禾汽车销售服务有限公司,20001,22,122,,0512-58798058,0512-58691920,d-amy719@sohu.com;skoda_09111@vip.163.com,江苏省苏州市张家港市经济开发区国泰北路２号,0512-58798068,
09011,苏州广达汽车销售服务有限公司,20001,22,122,,0512-66900009,0512-68075001,chuangyuan@szskoda-auto.com;skoda_09011@vip.163.co,江苏省苏州市高新区马运路转广达路6号（高新区汽车城内）,0512-66900261,
09231,苏州华美都汽车销售服务有限公司,20001,22,122,,0512-65692000,0512-65697706,skoda_09231@vip.163.com;hthr1010@163.com,苏州市吴中经济开发区河东工业园尹南路111号,0512-65693000,
09311,苏州宝源汽车销售服务有限公司,20001,22,122,,0512-66837288,,,江苏省苏州市相城区相城国际汽车城（上海大众旁）,0512-66831700,
09331,昆山鸿昌鸿捷汽车销售服务有限公司,20001,22,122,,0512-57062020,0512-57063636,skoda_09331@vip.163.com,江苏省昆山市长江北路458号,0512-57063030,
09021-01,昆山享达汽车销售服务有限公司(昆山享达庆丰路展厅),20001,22,122,,0512-57301563,,,昆山市开发区庆丰西路379号,,
09121,淮安市宏宇汽车销售服务有限公司,20001,22,419,,0517-83728888,0517-83600011,skoda_2008@126.com;skoda_09121@vip.163.com,江苏省淮安市清浦区翔宇大道33号,0517-83612777,
09121-01,淮安市宏宇汽车销售服务有限公司(淮安宏宇金湖县展厅),20001,22,419,,,,,金湖县衡阳南路191号,,
12011,江西宝达汽车销售服务有限公司,60001,23,185,,0791-88119119/0791-88119117,0791-8119117,skoda_12011@vip.163.com;liwen0791@yahoo.cn,江西省南昌市民营科技园科技大道999号,0791-88119159,
12071,景德镇广甸鑫宝汽车销售服务有限公司,60001,23,186,,0798-2785818,,,江西省景德镇市浮梁县金铃北大道,0798-2785816,
12011-01,江西宝达汽车销售服务有限公司(南昌宝达萍乡展厅),60001,23,187,,,,,萍乡市公园中路345号,,
12011-04,江西宝达汽车销售服务有限公司(南昌宝达新余展厅),60001,23,188,,,,,新余市九鼎汽车大市场6栋,,
12031,九江思科达汽车销售服务有限公司,60001,23,189,,0792-6899288,0792-8376607,skoda_12031@vip.163.com,江西省九江市庐山区八里湖新区（东泉沙河镇镇政府旁）,0792-6899277,
12031-01,九江思科达汽车销售服务有限公司(九江思科达武宁展厅),60001,23,189,,,,,九江武宁县协和大道,,
12011-05,江西宝达汽车销售服务有限公司(南昌宝达鹰潭展厅),60001,23,190,,,,,鹰潭市工业园区天洁西路星嘉苑20号,,
12021,赣州汇晟汽车销售服务有限公司,60001,23,191,,0797-8308199,0797-2199377,skoda_12021@VIP.163.com,江西省赣州市赣县赣新大道,0797-8081799,
12061,宜春市新达汽车销售服务有限公司,60001,23,192,,0795-2188818,0795-2188885,skoda_yc2010@sohu.com,宜春市经济开发区宜商大道广汇汽车城,0795-2188828,
06041-01,松原市华通汽车贸易有限公司,10001,24,73,,,,,吉林省松原市宁江区铁西路1199号,,
06021,吉林市兴孚汽车销售服务有限公司,10001,24,68,,0432-65126111,0432-65122606,jilinruifu_skoda@163.com;skoda_yaoyang@163.com,吉林市南山街2488号,0432-65122629,
05011,辽宁路官汽车销售服务有限公司,10001,29,53,,024-62387777,024-62483888,LNLG_SKODA@126.COM;zl-skoda@163.com;svwgq@126.com;,辽宁省沈阳市铁西区路官一街16号(沈辽中路与保工街交叉口南向400米),024-62389111,
05081,辽宁通达汽车销售服务有限公司,10001,29,53,,024-62380111,024-62380982,syhmslj@163.com;shenyangskd@163.com,铁西区北二东路16-1号,024-62380777,
05021,大连汇达汽车销售有限公司,10001,29,54,,0411-39526666,0411-39526666,dl_skoda@sina.com;skoda-05021@vip.163.com,大连市甘井子区怡宁路6号,0411-39526618,
05121,阜新荣光汽车销售服务有限公司,10001,29,63,,0459-8993111,,syskdmqj@163.com,辽宁省阜新市经济技术开发区阜锦公路北新康街东地块,,
05101,大连德瑞通汽车销售服务有限公司,10001,29,54,,0411-86607777,0411-88152707,dldrt@vip.sina.com,甘井子区华北路426-1号,0411-88152223,
05021-01,大连汇达汽车销售有限公司(大连汇达瓦房店展厅),10001,29,54,,0411-85570333,,,瓦房店市西长春路,,
05071,鞍山市诚达广汽车销售服务有限公司,10001,29,55,,0412-8859191,,ascdg@vip.163.com;Svw-zzc-zzc@163.com,千山西路59号,0412-8816677,
05061,本溪}达汽车销售服务有限公司,10001,29,57,,024-44598111,024-44598111,s74305061_bx@163.com;skoda-05061@vip.163.com,辽宁省本溪市明山区峪明路378栋,024-44512999,
05021-02,大连汇达汽车销售有限公司(大连汇达丹东展厅),10001,29,58,,0411-2157266,,,丹东市花园街26-3-3号,,
05041,锦州骏宇汽车销售有限公司,10001,29,59,,0416-3715665/3716688,0416-3783377,skoda05041@126.com;Jz-zhangqiang@163.com,辽宁省锦州市松山新区南广路15号,0416-3715555,
05131,营口聚华汽车销售服务有限公司,10001,29,61,,0417-3350000,0417-3324555,ykskoda@163.com,辽宁省营口市老边区庄林路上海大众4S店旁,0417-3353888,
05201,营口骏程汽车销售服务有限公司,10001,29,61,,0417-7942999,,,辽宁省营口市鲅鱼圈区芦屯镇芦屯堡村青龙山大街东,,
05091,辽阳凯意达汽车销售服务有限公司,10001,29,64,,0419-4156888,,xuqinfengshun@163.com;xuxinfeng@163.com,太子河区繁荣路中段,0419-3859222,
05051,朝阳铁成汽车销售服务有限公司,10001,29,66,,0421-3307777,,skodachaoyang@163.com,朝阳市龙城区西大营子镇北山村,0421-3307779,
03011,包头精茂汽车销售服务有限公司,10001,33,1,,0472-5999399,0472-5999335,svw0309@sohu.com;skoda.nmbt@yahoo.com.cn,内蒙古包头市稀土高新开发区幸福南路86号伊利公司对面,0472-5999398,
03011-01,包头精茂汽车销售服务有限公司(包头精茂文化路展厅),10001,33,1,,0472-5999389,,,甲尔坝新东方汽车城,,
03041,赤峰大运商贸有限公司,10001,33,3,,0476-8660666,0476-8772511,chifengdayun@vip.163.com;74303041-cf@163.com;zhaog,赤峰红山区物流园区外贸区,0476-8266999,
03051,通辽市万莹汽车销售服务有限公司,10001,33,4,,0475-8717001,0475-8717015,bhmc_as_d4310@vip.sina.com;tlwl001@126.com;tonglia,通辽市河西经济技术开发区瑞丰汽车物流园H区创业大道中段西侧,0475-8717002,
03021,内蒙古恒茂永达汽车销售服务有限公司,10001,33,417,,0471-2271999,0471－4616418,skoda-03021@vip.163.com;nmghmzdx@163.com,内蒙古呼和浩特市回民区海拉尔西路大运公司转盘西150米路南,0471-2271199,
03091,内蒙古恒茂万达汽车销售服务有限公司,10001,33,417,,0471-6241558,0471-6241577,skoda_03091@163.com,内蒙古自治区呼和浩特市回民区金川开发区金海大道金川管委会东侧,0471-6241518,
03021-01,内蒙古恒茂永达汽车销售服务有限公司(呼和浩特恒茂腾飞大道展厅),10001,33,417,,,,,内蒙古呼和浩特市如意开发区腾飞大道3号,,
03081,鄂尔多斯市芝丰汽车销售服务有限公司,10001,33,420,,0477-8110118,,skdzf_zjl@163.com,内蒙古自治区鄂尔多斯市东胜区铜川汽车城I期团结中路南德力汽车城,0477-8110119,
03061,锡林郭勒盟威力克汽车销售服务有限责任公司,10001,33,7,,0479-8287744,0479-8280660,skdxmwlk@163.com,内蒙古自治区锡林郭勒盟锡林浩特市二连路,0479-8284864,
28011,宁夏金达康汽车销售服务有限公司,30001,34,383,,0951-8989010,,nxjdkxz@126.com,银川市贺兰德胜工业园8号,0951-8989090,
28021,宁夏和锐汽车销售服务有限公司,30001,34,383,,,,,宁夏回族自治区银川市永年县109国道万商国际汽车城A-2场地,,
28011-02,宁夏金达康汽车销售服务有限公司(宁夏金达康丽景北街展厅),30001,34,383,,,,,宁夏银川市兴庆区丽景北街800号,,
28031-01,宁夏怡和四通汽车销售服务有限公司,30001,34,384,,,,,石嘴山市大武口区隆湖开发区星光大道怡和星海汽车城,,
26011,青海金岛璐达汽车销售有限公司,30001,35,387,,0971-8865266,0971-8808815,qhjindao@163.com;xiandai-sws@hotmail.com;74326011-,青海省西宁市城东区经济技术开发区昆仑东路6号,0971-8819310,
24011,陕西盛方汽车销售服务有限公司,30001,36,359,,029-84520109,029-84520058,skodasxqm@yahoo.com.cn,陕西省西安市三桥经济技术开发区疏导线58号 (西部车城南门口),029-84520105,029-84520106
24041,陕西唐都智源汽车服务有限公司,30001,36,359,,029-68503006,,huangwenshengsvw@163.com;chenjnv2006@yahoo.com.cn;,西安西高新锦业一路68号甲,029-68503005,
24021,陕西嘉盛机电有限公司,30001,36,359,,029-86528111/86528222,029-82627239,Xiangjun_h@126.com;skd-s61001@163.com;menglei0311@,西安市经济技术开发区明光路58号（市消防支队对面）,029-86562295,
24071,西安元泰汽车销售有限公司,30001,36,359,,029-83505151,029-86524416,yuantaiauto@163.com;hq.chengming@163.com,西安产灞生态区金桥路以东CB1-3-23,029-83505050,
24091,陕西锐风汽车销售服务有限公司,30001,36,359,,029-86516016,,,陕西省西安市未央区西三环与石化大道十字西北角,029-89308836,
24061,宝鸡市蓝天祥顺汽车销售有限公司,30001,36,361,,0917-3909666,0917-3909996,bjskd111@163.com;s76624061_bj@163.com;s74324061_bj,陕西宝鸡市高新十二路,0917-3535583,
24101,陕西大秦汽车销售服务有限公司,30001,36,362,,029-33123399,029-33121155,skoda_24101@vip.163.com,陕西省咸阳市秦都区咸阳西兰路北上召村（312国道）,029-33121155,
24081,渭南高新区众成汽车销售服务有限公司,30001,36,363,,0913-2680666,0913-2119556,zhongchengskd@163.com,陕西省西安市临渭区经济高新区东风大街（嘉豪汽车城）,0913-2680777,
24081-01,渭南高新区众成汽车销售服务有限公司,30001,36,363,,,,,陕西省渭南市韩城区乔南路,,
24051,延安新驰达汽车销售服务有限公司,30001,36,364,,0911-2112512,0911-2916301,yanansvw@163.com;Bing126@sina.com;yaxcd_mxm@163.co,延安市宝塔区李渠杨兴庄过境线汽车城2号,0911-2916331,
24121,汉中市鼎鑫玉铉汽车销售服务有限公司,30001,36,365,,0916-2123388,,,陕西省汉中市汉台区兴汉路,0916-2592777,
24031,榆林市映众汽贸有限公司,30001,36,366,,0912-3512111/3512300,0912-3512313,skd-s61001@163.com;yangyonggang9998@163.com;743240,榆林市经济开发区草海则新区电厂路东侧,0912-3512320,
14091,山东银座天锐汽车有限公司,40001,37,139,,0531-88897777,,gaohuabing@sdyzqc.com;skoda@sdyzqc.com;gaowei_gg@1,山东省济南市历下区银座国际汽车广场（济南市经十东路东首）,0531-88727788,
14211,山东胜锐汽车销售有限公司,40001,37,139,,0531-83156777,0531-85988917,zbdl001@163.com;skd_sdsr@163.com,山东省济南市槐荫区匡山汽车大世界(二环西路),0531-55626677,
14411-02,日照市乾光汽车销售服务有限公司,40001,37,149,,,,,山东省日照市莒县山东北路5号,,
14411,日照市乾光汽车销售服务有限公司,40001,37,149,,,,,山东省日照市东港区柳州路北、南昌路西汽车城（奎山汽车城）,,
14361,山东世达汽车有限公司,40001,37,139,,0531-87902999,,,山东省济南市历城区工业北路172号,0531-88607535,
14101,青岛颐冉达汽车销售服务有限公司,40001,37,140,,0532-88913333,0532-87688066,Zhangzhenrong_qd@163.com;qd-skoda@163.com;Sthanxu@,青岛市崂山区深圳路157号,0532-66716019,
14281,青岛顺安汽车销售有限公司,40001,37,140,,0532-80967999,0532-80967990,skodaqd@126.com,山东省青岛市李沧区黑龙江路北端韩国工艺品国际城北200米,0532-80967998,
14101-02,青岛颐冉达汽车销售服务有限公司(青岛颐冉达即墨展厅),40001,37,140,,0532-66716820,,,即墨市烟青路210号,,
14291,青岛诚和汽车销售有限公司,40001,37,140,,0532-85033888,,,山东省青岛市四方区重庆南路,,
14031,山东淄博金煜达汽车销售有限公司,40001,37,141,,0533-2972088/0533-2972977,0533-2987862,yellowskydrgon@163.com;zb_yongchun@sina.com;sdzbjy,淄博市张店区山泉路82号(马庄对面),0533-2590680,
14201,淄博和润汽车销售有限公司,40001,37,141,,0533-3588111,0533-3579667,Qiangmazb@yahoo.com.cn;skoda97@163.com;hezhiguo_sv,淄博市高新区金晶大道与中润大道路口北100米路西,0533-3579682,
14031-01,山东淄博金煜达汽车销售有限公司(淄博金煜达沂源展厅),40001,37,141,,0533-3228222,,,沂源县鲁山路280号,,
14041,山东鲁沪汽车销售有限公司,40001,37,142,,0632-8658666/8653777,0632-8693222,poyuzzh@263.net;skodasdlh@163.com,山东省枣庄市高新区光明西路３９号，新市政府西１０００米,0632-8697567,
14041-01,山东鲁沪汽车销售有限公司(枣庄鲁沪滕州市展厅),40001,37,142,,0632-5250088/0632-5250089,,,山东省枣庄市滕州市益康大道569号,,
14131,东营锐华汽车销售有限公司,40001,37,143,,0546-7752888,0546-7788317,0546lzskoda@163.com;nrl168@163.com;sq516@126.com,山东省东营市东营区东八路(攀登汽车城),0546-7752999/7767823,
14131-01,东营鲁正汽车销售有限公司,40001,37,143,,,,,山东省东营市广饶县潍博路79号,,
14051,潍坊天和汽车销售服务有限公司,40001,37,144,,0536-8806333/8822933,0536-8811733,74314051-wf@163.com;wfthskoda@163.com,潍坊市奎文区潍州路潍莱高速入口北900米路东,0536-8828133,
14261,青州亿达汽车销售服务有限公司,40001,37,144,,0536-3572111,,qzsikeda@126.com,山东省潍坊市青州市瑞利路以北，玲珑山路以东，南邻中石化加油站,0536-3750222,
14191,诸城市世纪丰源汽车销售服务有限公司,40001,37,144,,0536-6489999,0536-6172202,gyy710211@126.com;jydczj@163.com;147041522@qq.com,诸城市舜王街道,0536-6486999,
14191-02,诸城市世纪丰源汽车销售服务有限公司,40001,37,144,,,,,高密市夷安大道北首华达立交桥辅路,,
14341,潍坊天通汽车销售服务有限公司,40001,37,144,,0536-7580111,,,山东省潍坊市寒亭区通亭路北白云路西紧邻地块,0536-7300555,
14111,烟台市大成鸿远汽车销售服务有限公司,40001,37,145,,0535-2910888,0535-6011601,yantaiskoda@sina.com;boqu@yahoo.cn;cccqxy1218@sina,烟台市芝罘区卧龙中路15号(交警三中队东200米),0535-2910895,
14271,烟台金岭龙旺汽车销售服务有限公司,40001,37,145,,0535-8558111,,ytjllwskoda@126.com,山东省烟台市龙口市206国道,0535-8556333,
14271-01,烟台金岭龙旺汽车销售服务有限公司,40001,37,145,,,,,山东省烟台市莱州市西苑附路,,
14271-02,烟台金岭龙旺汽车销售服务有限公司,40001,37,145,,,,,山东省烟台市蓬莱市南关路,,
14171,威海众达汽车服务有限公司,40001,37,146,,,,whzhd2008@126.com;zhanggaifang@163.com;qxlshj@126.,山东省威海市环翠区青岛南路鞍山路西首,0631-5252111,
14081,济宁安吉恒源汽车销售服务有限公司,40001,37,147,,0537-2087366,0537-2084896,skodajn@126.com,山东省济宁市任城区崇文大道路南凌云路东侧,0537-2082633,
14331,济宁市金汇达汽车销售服务有限公司,40001,37,147,,,,,山东省济宁市任城区在建菲亚特西侧紧邻,,
14081-03,济宁恒源汽车销售服务有限公司(济宁恒源微山展厅),40001,37,147,,0537-8231988,,,微山县商业街1号,,
14071,泰安北方欧泰汽车销售服务有限公司,40001,37,148,,0538-8561766,0538-8566997,tabf-skd@163.com;Tabf-wyq@163.com,泰安市泰山大街西首(岱岳区区政府东100米路南),0538-8561565,
14071-01,泰安北方欧泰汽车销售服务有限公司(泰安北方新泰市展厅),40001,37,148,,0538-7058698,,,新泰市双山路16号,,
14181,莱芜鸿发汽车销售服务有限公司,40001,37,150,,0634-8667666,0634-8667766,lwhf1222@163.com;yangxiaoyancoco00@163.com;zw_skd@,高新区云台山路20号,0634-8667711,
14141,德州众捷汽车销售服务有限公司,40001,37,151,,0534-2567111,0534-2678599,wangzhiqiang-dz@163.com,山东省德州市德城区新河东路1365号,0534-2566258,
14141-02,德州众捷汽车销售服务有限公司(德州众捷禹城展厅),40001,37,151,,0534-5176555,,,山东省德州市禹城市西外环天主教堂南100米路东,,
14021,临沂骏华汽车销售服务有限公司,40001,37,152,,0539-7068899/7385999,0539-8465375,Yongle.zhang@126.com;bemus@126.com,沂河路与湖东二路交汇处东南角（远通汽车超市内）,0539-8465378,
14221,临沂佳利达汽车销售服务有限公司,40001,37,152,,0539-8336689,0539-8336689,linyijialida@163.com;s74314221_01@163.com,临沂市蒙山大道121号,0539-8336900,
14241,临沂明华汽车销售服务有限公司,40001,37,152,,0539-7678999,0539-7675962,yongle.zhang@126.com;mhskdwlq@126.com;s74314241_ly,临沂市河东区温泉路河东远通汽车超市,0539-7678908,
14241-01,临沂明华汽车销售服务有限公司,40001,37,152,,,,,山东省临沂市郯城县205国道和郯城南外环路交汇处东50米,,
14241-02,临沂明华汽车销售服务有限公司,40001,37,152,,,,,山东省临沂市费县东外环327国道旁(费县新一中斜对面）,,
14241-03,临沂明华汽车销售服务有限公司,40001,37,152,,,,,山东省临沂市临沭县苍山路与327国道交汇处(临沭汽车站对面）,,
14021-01,临沂骏华汽车销售服务有限公司(临沂骏华沂水展厅),40001,37,152,,0539-7366449,,,临沂市沂水县工业园腾飞路中段,,
14021-02,临沂骏华汽车销售服务有限公司(临沂骏华莒南展厅),40001,37,152,,0539-2322288,,,莒南县南环路西段金山加油站东300米路南,,
14011,聊城北斗汽车贸易有限公司,40001,37,153,,0635-2938888,0635-2929000,beidou@vip.sina.com;wzz@beidouautomobile.com;wangy,"聊城市经济开发区东昌路171号，管委会东500M,中华路与东昌路交叉口西北角",0635-2939992,
14301,聊城五洲昊达汽车销售服务有限公司,40001,37,153,,0635-8761234,,,山东省聊城市东昌府区光岳路北五州众达汽车园内,0635-8765566,
14011-02,聊城北斗汽车贸易有限公司(聊城北斗冠县展厅),40001,37,153,,0635-2198888,,,东环与北环交界处，冠临路口北200米,,
14151-03,山东滨州金昊汽车有限公司,40001,37,154,,,,,山东省滨州市博兴县滨博大街1258号,,
14321,邹平县金江汽车销售服务有限公司,40001,37,154,,0543-4869088,,,山东省滨州市邹平县邹韩路东,0543-4869088,
14161,菏泽众捷汽车销售服务有限公司,40001,37,155,,0530-5399898/5195222,,jtjtjwc@163.com; cgh3660@sina.com,人民路969号,0530-5368789,
14161-01,菏泽众捷汽车销售服务有限公司(菏泽众捷郓城展厅),40001,37,155,,13605301654,,,郓城县蒋庙街灯塔南200米路西,,
04031,山西神达汽车销售服务有限公司,10001,38,13,,0351-7026777,0351-7035800,Cxb5757@163.com;skoda-04031@vip.163.com,太原市学府西街17号，山姆士超市旁边，唐都生态园大饭店斜对面,0351-7038013,
04071-02,太原市大昌汽车销售服务有限公司,10001,38,20,,0354-7386778,,,山西省晋中市介休市北坛东路273号,,
04041,山西神通汽车销售服务有限公司,10001,38,14,,0352-5352777,0352-5335678,cxb5757@163.com;Gaojianzhong0808@126.com;188035208,山西省大同市永泰南路98号,0352-5335777,
04101,阳泉市湛程汽车销售服务有限公司,10001,38,15,,0353-5073333,0353-2565288,guoyanlin168@163.com,山西省阳泉市新北区李荫路666号,0353-5073777,
04051,长治市唐晨汽贸有限公司,10001,38,16,,0355-5616888,0356-2059111,skoda_04051@vip.163.com;vwwhp68@163.com,长治市北三环路复兴花园北侧华信汽贸园内,0355-3785999,
04021,晋城市唐辉汽贸有限公司,10001,38,17,,0356-2189188,0356-2059111,zhaozhanghong@263.net;skoda-04021@vip.163.com;Wwwg,晋城开发区兰花路690号,0356-2189030,
04031-01,山西神达汽车销售服务有限公司(山西神达忻州展厅),10001,38,19,,0350-3331136,,,忻州市和平西街御鑫佳苑门面房,,
04011,临汾市奥润汽车贸易有限公司,10001,38,22,,0357-3089777,0357-3352289,lfaorunzzl@163.com;zzl2990989@126.com;gd2028265@16,临汾市屯里村北霍侯一级路南泽林医院西,0357-3089991,
04061,运城市彩虹奥洋汽车贸易有限公司,10001,38,23,,0359-6388777,0359-2582388,ycchskd@163.com;skodahuhongbin@163.com,山西省运城市盐湖区机场大道,0359-6388588,
04061-02,运城市彩虹奥洋汽车贸易有限公司(运城彩虹河津市销售服务店),10001,38,23,,0359-6311444,,,河津市东都商城西六区,,
20011,成都国跃车业有限公司,30001,41,322,,028-85126200,028-85176652,skoda@chinakingo.com;whongchinakingo@yahoo.cn;liao,四川省成都市武侯区机场路三元村二组,028-85125073-2,
20031,成都品信汽车销售服务有限公司,30001,41,322,,028-66898111/028-66898222,0817-8126222,judy827@126.com;skodapx_2007@163.com;chuan98765432,四川省成都市锦江区幸福梅林石胜路,028-66898333,
20171,成都市艾潇商贸有限公司,30001,41,322,,028-84216333,02884216315,cdaixiao@163.com,四川省成都市成华区成致路,028-84216262,
20131,成都运通博达汽车销售有限公司,30001,41,322,,028-83383333,,,四川省成都市金牛区蜀西路金科南路,028-87521100,
20181,成都中铁轩达汽车销售服务有限公司,30001,41,322,,028-83003888,,,四川省成都市新都区五龙山路三河镇厚诚物流园,028-83027555,
20021-05,四川申蓉泓盛汽车贸易有限公司,30001,41,334,,,,,四川省广安市广安区大桥路66号,,
20161,自贡中轲车业有限公司,30001,41,323,,0813-3313666,0813-3215156,skoda_20161@vip.163.com,四川省自贡市贡井区南环路工业集中区C3-1地块,0813-3215778,
20091,攀枝花市捷泰汽车服务有限责任公司,30001,41,324,,0812-2322777,0812-2240111,skoda_20091@vip.163.com,四川省攀枝花市东区银江镇沙坝村,0812-6607777,
20101,泸州瑞隆新元素汽车销售服务有限公司,30001,41,325,,0830-4792333,0830-4276277,LZRLQC@126.COM;Xuxiao19821024@sina.com;s74320101lz,泸州市浙江产业园,0830-4276299,
20061,德阳波鸿汽车销售服务有限公司,30001,41,326,,0838-3015999,,dzskoda@163.com,庐山南路东侧,0838-3019629,
20061-01,德阳波鸿汽车销售服务有限公司(德阳波鸿八角展厅),30001,41,326,,0838-2659233/2659611,,,德阳市泰山南路777号鲁能小区南侧（市图书馆对面）,,
20041,绵阳市艾潇商贸有限公司,30001,41,327,,0816-2695888,54960956,mianyangaixiao@163.com;74320041-my@163.com,绵阳市涪城区长虹大道北段156-158号,0816-2695778,
20041-02,绵阳市艾潇商贸有限公司(绵阳艾潇广元市展厅),30001,41,328,,,,,广元市南河玉树家园,,
20121,遂宁中润车业有限公司,30001,41,329,,0825-5815000,0825-5815000,skoda_20121@vip.163.com,四川省遂宁市船山区中国西部现代物流港,0825-5815111,
20051,乐山金陵汽车销售服务有限公司,30001,41,331,,0833-2497992,0833-2441842,lsjmsskd@126.com;280715416@qq.com,乐山市市中区长青路1399号,0833-2497798,
20051-01,乐山金陵汽车销售服务有限公司(乐山金陵柏杨中路展厅),30001,41,331,,0833-2413558,,,乐山市市中区白燕路109号,,
20011-04,成都国跃车业有限公司(成都国跃资阳展厅),30001,41,336,,,,,资阳市南骏大道路口,,
20111,眉山中轲车业有限公司,30001,41,339,,028-38185286,028-38185287,skodaliuguochao@live.cn;sf_han@163.com;pinpaiziyua,眉山市象耳镇乐相村,028-38185300,
20011-03,成都国跃车业有限公司(成都国跃眉山展厅),30001,41,339,,0833-8169188,,,眉山市东坡区三苏大道128号,,
27011-02,新疆天汇申柯汽车销售服务有限责任公司(乌鲁木齐天汇克拉玛依市展厅),30001,48,396,,0990-6247000,,,克拉玛依市西环路3号,,
27021-02,新疆海利汽车销售服务有限公司(乌鲁木齐海利哈密市展厅),30001,48,399,,0902-2262311,,,新疆哈密地区哈密市八一路原水泥厂对面,,
27041,阿克苏众达汽车销售服务有限责任公司,30001,48,401,,0997-2521155/13909971896,0997-6391066,nysgxwz@163.com;aksyinrui@sina.com;xufang1021@sina,阿克苏市乌喀东路28号（车管所旁）,0997-2519111,
27061,奎屯大华斯达汽车销售服务有限公司,30001,48,407,,0992-3378555,,,新疆维吾尔自治区伊犁哈萨克自治州奎屯市乌奎高速以北，玛纳斯街以东,0992-3372555,
23021,西藏捷龙泰和汽车销售服务有限公司,30001,50,410,,0891-6861777,,skoda_23021@vip.163.com,西藏自治区拉萨市城关区金珠西路,0891-6853988,
21011,云南中致远云达汽车销售有限公司,30001,52,343,,0871-4609333,0871-4609222,sl0608@vip.sina.com;caohuiskoda@sina.com;skoda_ynz,昆明市广福路福海乡周家社区(云南省委斜对面),0871-64609555,
21021,云南中机金鼎汽车贸易有限公司,30001,52,343,,0871-8159123,0871-5739880,ymswskoda@163.com;ynzjjd@163.com;ymzhm@163.com,云南省昆明市西山区二环西路小屯立交路旁高新汽车城内,0871-68158123,
21051,云南福驰汽车服务有限公司,30001,52,343,,0871-65744229,0851-5614466,ynfuchi@126.com,昆明经开区出口加工区国际汽车物流城D09号地,0871-68030088,
21101,云南新悦佳汽车服务有限公司,30001,52,343,,0871-65744229,,,云南省昆明市官渡区东三环路,0871-68030088,
21011-02,云南中致远云达汽车销售有限公司(昆明中致远白龙路展厅),30001,52,343,,,,,昆明市白龙路４２９号云南世博汽车市场Ａ２展厅,,
21071,曲靖中泽商务有限公司,30001,52,344,,0874-3226111,,skoda_21071@vip.163.com,云南省曲靖市沾益县龙华大道西侧（曲靖市沾益县西平镇太平村委会）,0874-3016222,
21071-01,曲靖中泽商务有限公司(曲靖中泽紫云路展厅),30001,52,344,,,,,曲靖麒麟区紫云路南段,,
21041,玉溪嘉程汽车销售服务有限公司,30001,52,345,,0877-2045333,0877-2045558,skodaynyx@163.com;Zcs911921@sina.com;74321041-yx@1,玉溪市太极路延长线与玉江大道交叉口(程业二手车交易市场侧门),0877-2045788,
21061,红河州鸿天汽车经贸有限公司,30001,52,352,,0873-8874111,0873-8874006,Skoda_21061@vip.163.com,云南省红河哈尼族彝族自治州开远市建设东路近兴元北路,0873-8874444,
21111,文山联诚汽车经贸有限责任公司,30001,52,351,,0876-2822111,,,云南省文山壮族苗族自治州文山县国际汽车城S-06地块,,
21021-01,云南中机金鼎汽车贸易有限公司(昆明中机红河州展厅),30001,52,352,,,,,云南省红河州开远市东联村景山路口,,
21011-04,云南中致远云达汽车销售有限公司(昆明中致远楚雄市展厅),30001,52,354,,,,,云南省楚雄州楚雄市紫溪大道,,
21091,大理洋辰汽车服务有限公司,30001,52,355,,0872-2504888,,,云南省大理白族自治州大理市凤仪镇祥云路大理丰赢汽车城,0872-2478555,
21021-04,云南中机金鼎汽车贸易有限公司(昆明中机大理展厅),30001,52,355,,,,,大理市经济开发区苍山东路537号,,
21041-01,玉溪嘉程汽车销售服务有限公司(玉溪嘉程普洱市展厅),30001,52,600,,0879-2128644,,,云南省普洱市思茅区宁洱大道16号,,
10011,浙江迅通汽车有限公司,60001,53,174,,0571-88291000,0571-88291000,Yunlong-hu@126.com;skodazj001@126.com;skoda_10011@,杭州沈半路300号(元通汽车广场对面),0571-88291000,
10021,浙江捷康汽车销售服务有限公司,60001,53,174,,0571-86017777,0571－86491129,skoda-zjjk@vip.163.com;skoda_10021@vip.163.com,杭州艮山东路351号(麦德龙超市东50米),0571-86495999,
10291,杭州元谷汽车有限公司,60001,53,174,,0571-89369999,0571-89361300,skoda_10291@vip.163.com;majianhuasvw@163.com,余杭区东湖北路220号,,
10251,杭州德达汽车有限公司,60001,53,174,,0571-56878888,0571-56878887,LONGTAO138@163.COM;skoda_10251@vip.163.com;Fjy1020,杭州市西湖区西溪路668号,0571-56878899,
10141,杭州振发汽车销售服务有限公司,60001,53,174,,0571-83691988,0571-82231110,skoda_10141@vip.163.com,杭州市萧山区亚太路128号（绕城高速城南出口向右300米),0571-82278277,
10071,宁波捷通汽车销售服务有限公司,60001,53,175,,0574-88190111/88191000,0574-27828568,jt@skodaningbo.com;jt@ningboskoda.com;skoda_10071@,宁波市鄞州区下应镇下应北路600号,0574-88190555,
10371,宁波天天欣汽车服务有限公司,60001,53,175,,0574-55717722,0574-55717688,skoda_10371@vip.163.com,浙江省宁波市海曙区丽园南路南苑街交叉口,0574-55331234,
10391,宁波国宏汽车销售有限公司,60001,53,175,,0574-65227999,0574-65136102,skoda_10391@vip.163.com,浙江省宁波市宁海县梅林街道平安西路26号宁海物流中心A5地块一期3#地块,0574-65136113,
10131,慈溪市腾峰昊达汽车销售服务有限公司,60001,53,175,,0574-58587000,0574-58587012,skoda_10131@vip.163.com;cjy@towin-skoda.com;s74310,慈溪市逍林镇新园村16号,0574-58587019,
10241,宁波众达汽车销售服务有限公司,60001,53,175,,0574-55222111,0574-55223501,skoda_10241@vip.163.com,北仑大港一路58号旁,0574-55222333,
10121,余姚腾峰汽车销售服务有限公司,60001,53,175,,0574-62851888,0574-62851005,skoda_10121@vip.163.com,余姚市阳明西路688号,0574-62851000,
10081,宁波腾峰汽车销售服务有限公司,60001,53,175,,0574-86561111,0574-87076188,info@towin-skoda.com;yxf@towin-skoda.com;wj@towin-,宁波市镇海区骆驼街道慈海南路2166号,0574-86561133,
10041,温州迅通汽车有限公司,60001,53,176,,0577-86087777,0577-86082208,xiangdonghu@163.com;skodawz@163.com;skoda_10041@vi,浙江省温州市瓯海区牛山南路138号（靠近月乐西街）,0577-86733456,
10041-01,温州迅通汽车有限公司(温州迅通凤北路展厅),60001,53,176,,0577-85550777,,,浙江温州瓯海梧埏街道蛟凤北路汽车城,,
10181,海宁市众达汽车销售服务有限公司,60001,53,177,,0573-87909999,0573-89702800,skoda_10181@vip.163.com,浙江省嘉兴市海宁市嘉海公路、由拳路交叉口,0573-89702827,
10191,桐乡市禾众众达汽车销售服务有限公司,60001,53,177,,0573-81888333,0573-81885201,skoda_10191@vip.163.com,浙江省嘉兴市桐乡市庆丰南路961号,0573-88888566,
10111,湖州绿地申达汽车销售服务有限公司,60001,53,178,,0572-2288555,0572－2126969,skoda_10111@vip.163.com;74310111-hz@163.com;tt0719,湖州杭长桥北路998号,0572-2121753,
10311,浙江长兴力恒汽车销售服务有限公司,60001,53,178,,0572-6031555,,,浙江省湖州市长兴县长兴经济技术开发区D区长洪公路以北、经四路以西,0572-6857111,
10111-02,湖州绿地申达汽车销售服务有限公司(湖州绿地安吉展厅),60001,53,178,,0572-2121617,,,湖州市安吉县灵芝西路692-698号,,
10091,浙江捷玲汽车销售服务有限公司,60001,53,179,,0575-88223333,0575-88223399,Svw2310629@vip.163.com;sxszch606018@163.com;skoda_,绍兴市袍江新区西湖头(国家电网旁),0575-88223350,
10261,浙江冠松越达汽车销售服务有限公司,60001,53,179,,0575-81103333,,skoda_10261@VIP.163.com,浙江省绍兴市绍兴县金柯桥大道冠松路,0575-81103311,
10361,绍兴浩瑞汽车销售服务有限公司,60001,53,179,,0575-82710288,,skoda_10361@vip.163.com,浙江省绍兴市上虞市汽车市场内（329国道小越岭下）,0575-82710299,
10431,浙江梦达汽车有限公司,60001,53,179,,0575-87316111,,,浙江省绍兴市诸暨市陶朱街道车城一路1号,,
10051,金华宇通汽车销售服务有限公司,60001,53,180,,0579-82105888,0579-82165333,Jhdz001@163.com;skodajhyt@vip.sohu.com;skoda_10051,金华仙桥汽车城纵六路6号（中心广场东侧，二手车市场前）,0579-82083032,
10351,永康市浩博汽车销售有限公司,60001,53,180,,0579-87023333,0579-87101238,skoda_10351@vip.163.com,浙江省金华市永康市西塔一路,0579-87266719,
10051-04,金华宇通汽车销售服务有限公司(金华宇通武义展厅),60001,53,180,,0579-87668678,,,明招路18号,,
10051-05,金华宇通汽车销售服务有限公司(金华宇通兰溪展厅),60001,53,180,,0579-88582858,,,兰溪市丹溪大道,,
10051-06,金华宇通汽车销售服务有限公司,60001,53,180,,,,,浙江省金华市浦江县恒昌大道35号,,
10231,舟山翔锐汽车销售服务有限公司,60001,53,182,,0580-2925777,0580-2925777,skoda_10231@vip.163.com;wuyongkun311@163.com;yongj,浙江省舟山市定海区双桥镇汽车城,0580-2958999,
10231-01,舟山翔锐汽车销售服务有限公司(舟山翔锐弘生大道展厅),60001,53,182,,0580-2928080,,,弘生大道158号,,
10061,台州迅通汽车有限公司,60001,53,183,,0576-82989999,0576-82583508,xfsajj@126.com;skoda_10061@vip.163.com,"台州市路桥区灵山街258号(山珊路,电力大厦附近)",0576-82987777,
10151,丽水市怡众汽车销售服务有限公司,60001,53,184,,0578-2356222,0578-2175425,skoda10018@163.com;skoda1111@163.com;Wrj578@vip.16,丽水市丽青路181号,0578-2356221,
01121,北京万通国发汽车销售服务有限公司,10001,55,37,,010-87504818,,skoda0620@126.com,北京市丰台区南四环中路260号(京南汽车城内),010-87504791,
01101,北京北方福润汽车销售服务有限公司,10001,55,39,,010-82336060,,skoda-01101@vip.163.com;skoda_litingting@163.com,北京市海淀区五道口新村4号（北京航空航天大学西门口）,010-82336060-2,
01111,北京市艾潇商贸有限公司,10001,55,42,,010-51193188,,skoda-01111@vip.163.com;s74301111_bj@163.com,北京市朝阳区姚家园路东口甲1号北京东方基业国际汽车城市场10号,010-51193556,
01031,北京君奥达汽车销售服务有限公司,10001,55,43,,010-88915588,010-88919191,Liuweike72@yahoo.com.cn;592496865@qq.com;9hamay@16,北京市石景山区古城大街（特钢公司厂内)北京国际汽车贸易服务园区F区5号,010-68888133,
01081,北京上汽安吉斯鸿汽车销售有限公司,10001,55,42,,010-84915066,84916779,shihong55580@sohu.com;jianhuac@saic-bj.com;jianguo,北京市朝阳区来广营西路甲18号,010-84916221,
01071,北京中润发迪奥汽车贸易中心,10001,55,42,,010-87395559,010-63423877,skoda@zrf.com.cn;74301071-bj@163.com;licui712@163.,北京朝阳区白鹿司261号,010-87395559,
01091,北京正吉星汽车销售服务有限公司,10001,55,48,,010-69059988,69051999,svw0113@csvwbj.com,北京密云县新南路37号,010-69087676,
01061,北京运通博达汽车销售服务有限公司,10001,55,50,,010-67861777,010-67885633,skoda-01061@vip.163.com,北京市北京经济技术开发区东环北路乙1号南厅,010-67861777-7701,
01131,北京运通兴润汽车销售服务有限公司,10001,55,50,,010-69286177,,,北京市大兴区新福路(大兴区鑫远汽车产业园内),010-69280477,
31031,重庆万友尊达汽车销售服务有限公司,30001,56,207,,023-62382688,,,重庆市南岸区光电路18号,023-62382788,
31011,重庆中汽西南思达汽车销售服务有限公司,30001,56,210,,023-67468880,023-67468577,skodacq99@126.com,重庆市北部新区经开园金渝大道88号(汽博中心内),023-67468881,
31021,重庆高新Z锐汽车有限公司,30001,56,212,,023-88109898,023-88109869,xiandaihy@163.com;s74331021_gx@163.com;skoda_cqgx@,高新区火炬大道101号,023-88109856,
31021-01,重庆高新Z锐汽车有限公司,30001,56,215,,,,,重庆市渝中区长江一路76号,,
30011,海南龙达汽车销售服务有限公司,50001,57,320,,0898-66815835,0898-66831536,skoda_30011@vip.163.com,海南省海口市秀英区南海大道113号,0898-66837316,
08021-01,上海百联沪北汽车销售有限公司(上海百联茂名路展厅),20001,58,95,,021-51870079,,,上海市卢湾区茂名南路１号,,
08011,上海东昌思达汽车销售服务有限公司,20001,58,102,,021-68931000,021-68931000,shdc_skoda@126.com;skoda_08011@vip.163.com;zhuangz,上海市浦东新区御桥路1466号,021-68938104,021-96800
08061,上海绿地徐捷汽车销售服务有限公司,20001,58,102,50329669,50329669,021-52352069,74308061_sh@163.com;lifong78118@163.com;SKODA_0806,上海浦东新区川桥路350号,50329339,
08131,上海凌峰汽车销售服务有限公司,20001,58,104,,021-67221111,,skoda_08131@vip.163.com,上海市金山区亭卫公路2011号,021-67221111,
08091,上海佳网汽车销售服务有限公司,20001,58,105,,021-67741199*100,67742299,zz1111@263.net;74308091-sh@163.com;skoda_08091@vip,美能达路800号,021-67740111-121,
08111,上海盛新汽车销售服务有限公司,20001,58,107,,021-59705333,021-59705369,oliver_fj0420@hotmail.com;shsx_4670@163.com,青浦区外青松公路4670号,021-59705880,
08141,上海众隆汽车销售服务有限公司,20001,58,108,,021-37572999,,zhonglongSKD@163.com,上海市奉贤区沪杭公路1108号,021-37572626,
08081,上海永达巴士汽车销售服务有限公司,20001,58,101,,,54476789,lj_2124@163.com;ydliliwang@126.com;iorizhouyu@hotm,上海市虹梅路1682号,021-64853030,
08161,上海百合汽车销售有限公司,20001,58,106,,021-68162530,,,上海市南汇区浦东南六公路/鹿吉路（六灶镇3街坊1/3丘）,021-68162550,
08021,上海百联沪北汽车销售有限公司,20001,58,93,,4008803456/021-56657979,51870079,Shilong129@hotmail.com;bailian_skoda@hotmail.com;s,上海市共和新路3550号（百联汽车广场内）,021-56658973,
08121,上海西上海盛达汽车销售服务有限公司,20001,58,97,,021-36517800,021-36517558,skoda_08121@vip.163.com,上海市宝山区宝安路潘泾路399号,021-36518500,
08101,上海交运起成汽车销售服务有限公司,20001,58,98,,021-64173030,021-61363133,huamingmin8481@yahoo.com.cn;13311801511@189.cn;siy,中山南二路555号,021-61369559,
08031,上海西上海安达汽车销售服务有限公司,20001,58,103,,59575050,39570882,Skoda4s@126.com;skoda_08031@vip.163.com,上海市嘉定区安亭国际汽车城南安路266号(墨玉南路、南安路，加油站西侧）,021-59578181,
08041,上海云峰交运汽车销售服务有限公司,20001,58,94,,52810202,52810727,skoda@yunfenggroup.com;yfjy@shskoda.com;skoda_0804,上海市普陀区真北路1038号(近怒江北路),021-52811622,
08051,上海江湾五角场汽车销售服务有限公司,20001,58,91,,021-51670660,51670656,jwwjcskoda@163.com;skoda_08051@vip.163.com,民庆路208号(近国和路),021-51670675,
29051,天津市轩德汽车贸易有限公司,10001,59,158,,022-87201818,022-87201000,svwskodaxd@126.com,天津市西青区经济开发区大寺高新技术产业园,022-87201515,
29061,天津市中乒荣达汽车销售服务有限公司,10001,59,161,,022-26728406,,,天津市北辰区科技园区,022-26728506,
29011,天津雅华汽车销售有限公司,10001,59,166,,022-84908881,,,天津市东丽区空港物流加工区汽车园中路61号,022-84908811,
29031,天津中乒腾达汽车销售服务有限公司,10001,59,167,,022-27650598,022-27650598,zhongpingtengda@126.com;mqx429@hotmail.com,南开区长江道110号,022-27650082,
10031,浙江众达汽车销售服务有限公司,60001,53,177,,0573-82583333,,skodajx@vip.163.com;skoda_10031@vip.163.com,浙江省嘉兴市南湖区大桥镇南溪东路与亚太路交叉口西北侧,0573-82585555,
12081,吉安市赣新汽车贸易有限公司,60001,23,195,1470,0796-2193123,,,江西省吉安市青原区青原汽车文化城16#地块,,
22041,贵州瀚羿睿达汽车销售服务有限公司,30001,12,311,311,,,,贵州省贵阳市清镇市毛栗村,0851-2545057,
07101,大庆通晟达汽车销售服务有限公司,10001,17,81,null,0459-8993111,,,黑龙江省大庆市高新区汽车工业园新兴大街7号,0459-8139567,
18041-02,岳阳华宇平江县展厅,50001,21,229,1201,,,,湖南省岳阳市平江县开发区平伍公路民爆大楼斜对面,,
26011-03,西宁金岛格尔木展厅,30001,35,394,1803,,,,青海省海西蒙古族藏族自治州格尔木市柴达木西路62218部队综合库,,
03111,乌海市奥捷胜达汽车销售服务有限公司,10001,33,2,1664,0473-2085111,,,内蒙古自治区乌海市海勃湾区林荫大道青山路路口,,
22051,六盘水钟祥众达汽车销售服务有限公司,30001,12,312,520,0858-6600123,0858-6600123,,贵州省六盘水市钟山区经凤路,,
09431,海安众达汽车销售服务有限公司,20001,22,118,1333,0513-80819999,,,江苏省南通市海安县S221苏海汽车城,,
19221,新乡市东安顺达汽车销售服务有限公司,40001,18,263,961,0373-5218888,,,河南省新乡市红旗区金穗大道东段京珠高速（新长北线）东2000米新东汽车园内北京现代西,0396-3581888,
18131,湖南九城德众汽车销售服务有限公司,50001,21,224,1157,,,,湖南省长沙市岳麓区含浦大道丰顺路,0731-89671630,
21091-01,大理洋辰汽车服务有限公司,30001,52,349,2584,,,,云南省保山市腾冲县腾越镇华严路,,
17031-06,武汉捷科众志汽车贸易有限公司,40001,19,256,19,,,,湖北省潜江市园林办事处章华南路58号（与原场地垂直的临近地块）,,
07051-02,佳木斯中恒汽车销售服务有限公司,10001,17,79,811,,,,黑龙江省双鸭山市集贤县双福路安邦现代城商服,,
02171-01,邢台杭龙汽车销售服务有限公司,10001,15,26,645,,,,河北省邢台市宁晋县新兴路中段路东,,
02171-02,邢台杭龙汽车销售服务有限公司,10001,15,26,649,,,,河北省邢台市清河县新世纪大道国家电网对过,,
07071-01,牡丹江宏飞汽车销售服务有限公司,10001,17,83,861,,,,黑龙江省牡丹江市阳明区光华街71号,,
20021-04,四川申蓉泓盛汽车贸易有限公司,30001,41,322,2184,,,,四川省成都市温江区海峡两岸科技园新华路一段,,
08101-02,上海交运起成汽车销售服务有限公司,20001,58,94,,62880355,,,上海市普陀区谈家渡路18号,,
21091-02,大理洋辰汽车服务有限公司,30001,52,350,2585,,,,云南省丽江市古城区祥和路77号,,
18011-04,湖南永通华锐汽车销售服务有限公司,50001,21,224,1155,,,,湖南省长沙市望城区雷锋大道星城镇228号,,
09371,苏州东昌思达汽车销售服务有限公司,20001,22,122,1368,,,,江苏省苏州市吴中区机场路（金鸡湖大道）近长虹北路,0512-65020900,
11021-04,安庆柏盛潜山展厅,40001,01,130,43,,,,安徽省安庆市潜山县舒州大道,,
31051,重庆互邦芮斯汽车销售服务有限公司,30001,56,219,null,023-72315858,,,重庆市涪陵区迎宾大道内侧崇义街道高山湾4组与东风悦达起亚相邻,023-72315959,
24131,榆林市宝圣汽车销售服务有限公司,30001,36,366,,0912-3502333,,malong817@163.com,陕西省榆林市榆阳区麻黄梁工业区榆麻路A8-01-03,,
22061,贵州众恒翼勃汽车销售服务有限公司,30001,12,318,,0855-8686777,,Jyj8199@163.com,贵州省黔东南苗族侗族自治州凯里市经济开发区开元大道北段39-1-3,,
14171-04,威海众达汽车服务有限公司,40001,37,146,,0631-7518203,,,山东省威海市荣成市崂山街道办事处小迟家村,0631-5258333,
09401,靖江众达汽车销售有限公司,20001,22,117,,0523-84080008,,,江苏省泰州市靖江市中州西路靖江国际汽贸城,,
26021,青海金岛振祖汽车销售有限公司,30001,35,387,,,,,青海省西宁市城中区南川工业园区S101,,
17151,武汉捷科众诚汽车贸易有限公司,40001,19,240,,,,,湖北省武汉市洪山区和平乡铁机村2号5号地,,
08171,上海安吉斯领汽车销售服务有限公司,20001,58,101,,021-37581500,,,上海市闵行区沪闵公路3388号,021-33581511,
14221-01,临沂佳利达苍山展厅,40001,37,152,,,,,山东省临沂市苍山县城西环路北段西侧,,
20171-01,成都市艾潇商贸有限公司,30001,41,322,,,,,四川省成都市金堂县金堂大道997号,,
11041,马鞍山市中易达汽车销售服务有限公司,40001,01,129,,0555-2107622,,,安徽省马鞍山市雨山区工业园九华路西段,0555-2107655,
11081,六安鑫晟汽车销售服务有限公司,40001,01,138,,,,,安徽省六安市金安区312国道,,
10211,富阳金通汽车有限公司,60001,53,174,,0571-63267777,,,浙江省杭州市富阳市金桥北路富阳汽贸城内,0571-61799727,
10301,临海迅通汽车有限公司,60001,53,183,,0576-89113333,,,浙江省台州市临海市江南大道958号,0576-89114444,
20141,南充达和品信汽车销售服务有限公司,30001,41,332,,0817-3599222,,,四川省南充市高坪区江东中路516,0817-3599333,
14311,东营创大汽车销售有限公司,40001,37,143,,,,,山东省东营市东营区郝家汽车园,,
02191,廊坊市燕达汽车贸易有限公司,10001,15,33,,,,,河北省廊坊市安次区西外环南延路工业园区铭顺大道2号,,
02211,河北信实汽车销售服务有限公司,10001,15,24,,0311-66176111,,,河北省石家庄市裕华区建通街28号,,
14261-01,青州亿达汽车销售服务有限公司,40001,37,144,,,,,山东省潍坊市临朐县骈邑路,,
04121-01,山西汇众达贸易有限公司,10001,38,13,,0351-5685884,,,太原市新晋祠路新能源汽车城1号城市展厅,,
10111-03,湖州绿地申达汽车销售服务有限公司,60001,53,178,,,,,浙江省湖州市德清县武康镇休闲街88-110号,,
11021-02,安庆柏盛汽车销售服务有限公司,40001,01,130,,,,,安徽省安庆市桐城市兴尔旺大市场汽摩城,,
13011-03,福建省泉州市世纪汽车销售服务有限公司,50001,05,202,,,,,福建省泉州市永春县桃城镇206省道旁,,
09201-03,泰州众达汽车销售服务有限公司,20001,22,117,,,,,江苏省泰州市姜堰市华东汽车城一层D1-5号,,
09201-04,泰州众达汽车销售服务有限公司,20001,22,117,,,,,江苏省泰州市兴泰公路临城加油站东侧北1号楼,,
11141,淮北瑞捷汽车销售服务有限责任公司,40001,01,125,6,,,,安徽省淮北市相山区南黎路86号,,
20191,达州申和品信汽车销售服务有限公司,30001,41,335,,,,,四川省达州市达县杨柳工业配套园区2号路,,
05171,大连裕华汽车销售服务有限公司,10001,29,54,,,,,"辽宁省大连市沙河口区星海广场(展厅),太原街(车间)",,
08181,上海瑞晶汽车销售服务有限公司,20001,58,97,,021-66989166,021-66985878,,上海市宝山区一二八纪念路28号甲,,
12111,江西众达汽车销售服务有限公司,60001,23,193,,0793-8111234,,,江西省上饶市信州区三清山中大道588号,,
20051-02,乐山金陵汽车销售服务有限公司,30001,41,331,,,,,四川省乐山市峨眉山市胜利镇新东西干道康桥水郡2期10幢1-4号,,
12011-07,江西宝达汽车销售服务有限公司,60001,23,185,,,,,江西省南昌市新建县长俅蟮1616号城开国际学园新公寓楼,,
05161-01,抚顺广联达汇通汽车销售服务有限公司（抚顺广联达丹东路展厅 ）,10001,29,56,,,,,辽宁省抚顺市望花区丹东路北(抚顺市汽车技术学校院内),,
19221-01,新乡市东安顺达汽车销售服务有限公司（新乡东安南环路展厅 ）,40001,18,263,,,,,河南省新乡市红旗区南环路18号,,
07031-01,新齐齐哈尔市中大汽车销售服务有限公司（齐齐哈尔中大黑河展厅 ）,10001,17,86,,,,,黑龙江省黑河市北安市汽车产业园区,,
24011-02,陕西盛方汽车销售服务有限公司（陕西盛方人民路展厅）,30001,36,359,,,,,陕西省西安市阎良区振兴办人民路西段高速路引道北侧,,
12021-02,赣州汇晟汽车销售服务有限公司（赣州汇晟南康市展厅 ）,60001,23,191,,,,,江西省赣州市南康市平岭村105国道旁边,,
10031-04,浙江众达汽车销售服务有限公司（嘉兴众达衢州展厅 ）,60001,53,181,,,,,浙江省衢州市柯城区三衢路718号,,
16061,广西昊道汽车销售服务有限公司,50001,09,297,,0771-5555605,,,广西壮族自治区南宁市江南区白沙大道12-1号,0771-5555605,
02231,保定市天益汽车贸易有限公司,10001,15,27,,,,,河北省保定市南市区长城南大街1485号世纪汽车城内,,
12121,赣州德鹏汽车销售服务有限公司,60001,23,191,,,,,江西省赣州市开发区105国道东侧雷诺4S店南侧,,
02221,承德兴骐汽车销售服务有限公司,10001,15,29,,,,,河北省承德市双滦区双塔山镇单塔子村松狮线路南,,
08192,上海富狮汽车销售服务有限公司,20001,58,97,,,,,上海市宝山区军工路5169号,,
19241,济源帝龙汽车销售服务有限公司,40001,18,275,,,,,河南省济源市帝龙二手车交易市场内,,
04121,山西汇众达贸易有限公司,10001,38,13,,,,,山西省太原市万柏林区玉门河北沿岸111号(紧邻上海大众）,,
21131,楚雄中宏汽车销售有限责任公司,30001,52,354,,,,,云南省楚雄彝族自治州楚雄市320国道旁滇中大商汇汽车城104号地块,,
14051-05,潍坊天和汽车销售服务有限公司（潍坊天和寿光展厅）,40001,37,144,,,,,山东省潍坊市寿光市圣城西街666号,,
20171-02,成都市艾潇商贸有限公司（成都艾潇内江展厅 ）,30001,41,330,,,,,"四川省内江市市中区双苏路6号（西浦观邸3-1-4,3-1-5）",,
20221,广元市金雄顺汽车销售服务有限公司,30001,41,328,,,,,四川省广元市市中区下西物流园区金顺汽车园,,
09471,泰兴永达众诚汽车销售服务有限公司,20001,22,117,,,,,江苏省泰州市泰兴市江平南路158号,,
27021,新疆海利汽车销售服务有限公司,30001,48,395,,0991-6637199,,,新疆维吾尔自治区乌鲁木齐市新市区南湖北路855号25栋,0991-6637399,
27011,新疆天汇申柯汽车销售服务有限责任公司,30001,48,395,,0991-6651188,,,新疆维吾尔自治区乌鲁木齐市米东区永顺街1642号天汇汽车城,0991-3858626,
03131,巴彦淖尔市奥捷胜达汽车销售服务有限公司,10001,33,10,,,,,内蒙古巴彦淖尔市临河区工业路8号,,
12131-01,南昌市嘉丰汽车销售服务有限公司 南昌嘉丰洪都南大道展厅,60001,23,185,,,,,南昌市洪都南大道207号酒店一楼,,
01021,北京页川斯达汽车销售服务有限公司,10001,55,39,,010-62958998,,,北京市海淀区安宁庄东路15号,010-62958998-2,
07091,哈尔滨哈得力金宜汽车销售有限公司,10001,17,76,,0451-58560555,,,黑龙江省哈尔滨市南岗区先锋路,,
17161,黄冈宜顺汽车销售服务有限公司,40001,19,250,,,,,湖北省黄冈市黄州区南湖路雪弗兰4S店对面,,
21141,西双版纳嘉程汽车销售服务有限公司,30001,52,353,,,,,云南省西双版纳傣族自治州景洪市澜沧江路13号,,
11101-01,宣城亚昊汽车销售服务有限公司,40001,01,136,,(0563)2616893,,,安徽省宣城市宁国市五里铺亚夏汽车城,,
19251-01,漯河市锦汇汽车贸易有限公司,40001,18,268,,(0395)3222288,,,河南省漯河市源汇区桂江路与经一路交叉口东南角,,
14441-01,青岛千霖锦龙达汽车销售服务有限公司青岛千霖莱西市展厅,10001,15,26,,,,,河北省邢台市南宫市汽车站对面,,
13111,厦门市全吉惠汽车销售有限公司,50001,05,199,,0592-6056788,,,福建省厦门市海沧区海沧大桥西段引桥南侧,,
20021,四川申蓉泓盛汽车贸易有限公司,30001,41,322,,028-85361616,028-85365260,srliyong@vip.sina.com;74320021-cd@163.com,四川省成都市武侯区武青南路43号（双星大道武侯国税局附近）,028-85373366,
14371,泰安睿远汽车销售服务有限公司,40001,37,148,,0538-8988666,,,山东省泰安市泰山区泰山国际汽车城,,
09091-03,南通长江众达汽车销售服务有限公司,20001,22,118,,,,,江苏省南通市港闸区城港路166号,,
14281-01,青岛顺安汽车销售有限公司,40001,37,140,,,,,山东省青岛市即墨市烟青路199号,,
14431,青岛振宇汽车销售服务有限公司,40001,37,140,,,,,山东省青岛市黄岛区飞宇汽车城8号厂房,,
15191-02,深圳市北方鹏盛汽车销售有限公司,50001,08,285,,,,,广东省东莞市长安镇振安一路521号,,
05051-01,朝阳铁成汽车销售服务有限公司,10001,29,60,,0429-2190055,,,辽宁省葫芦岛市龙港区龙程街文兴路口,,
25011,兰州金达康汽车销售服务有限公司,30001,07,369,,(0931)7715888,,,甘肃省兰州市安宁区北滨河路银滩大桥西北侧,,
14441,青岛千霖锦龙达汽车销售服务有限公司,40001,37,140,,,,,山东省青岛市平度市千霖汽车城,,
03081-01,鄂尔多斯市芝丰汽车销售服务有限公司鄂尔多斯芝丰东胜区展厅,10001,33,420,,,,,内蒙古自治区鄂尔多斯市东胜区鄂托克西街（铁西区）,,
14151-04,山东滨州金昊汽车有限公司滨州金昊无棣县展厅,40001,37,154,,,,,山东省滨州市无棣县大济路铭仕汽车城,,
09181-04,宿迁上众腾辉汽车销售服务有限公司宿迁上众沭阳展厅,20001,22,114,,,,,江苏省宿迁市沭阳县常州路43号,,
14151-05,山东滨州金昊汽车有限公司滨州金昊惠民县展厅,40001,37,154,,,,,山东省滨州市惠民县鲁北大街丰驰汽车城,,
10031-07,浙江众达汽车销售服务有限公司浙江众达嘉善展厅,60001,53,177,,,,,浙江省嘉兴市嘉善县人民大道与城西大道交叉路口（禾众商业广场）,,
10041-03,温州迅通汽车有限公司温州迅通乐清展厅,60001,53,176,,,,,浙江省温州市乐清市汇丰路2号（乐清市自动化仪表九厂内）,,
07051-04,佳木斯中恒汽车销售服务有限公司佳木斯中恒伊春展厅,10001,17,82,,,,,黑龙江省伊春市伊春区青山中大街139号,,
02171-03,邢台杭龙汽车销售服务有限公司邢台杭龙南宫市展厅,40001,37,140,,,,,山东省青岛市莱西市深圳路中段路西（团岛西路南侧）,,
